"last_name, first_name",id,year,player_age,slg_percent,isolated_power,babip
"Gurriel Jr., Yuli",493329,2023,39,0.359,0.114,0.272
"Allen, Nick",669397,2023,24,0.287,0.066,0.253
"Gorman, Nolan",669357,2023,23,0.478,0.242,0.296
"Lowe, Brandon",664040,2023,28,0.443,0.212,0.275
"Tucker, Cole",657061,2023,26,0.5,0,0.667
"Adrianza, Ehire",501303,2023,33,0,0,0
"Stevenson, Cal",670276,2023,26,0,0,0
"Lopez, Irving",676761,2023,28,0,0,0
"Soto, Livan",670869,2023,23,0.222,0,0.286
"Cabrera, Miguel",408234,2023,40,0.353,0.096,0.317
"Kohlwey, Taylor",670128,2023,28,0.154,0,0.25
"Pi?a, Manny",444489,2023,36,0.5,0.25,0.25
"Tromp, Chadwick",644433,2023,28,0.188,0.063,0.222
"P?rez, Roberto",547379,2023,34,0.133,0,0.222
"Moustakas, Mike",519058,2023,34,0.392,0.145,0.296
"Freeman, Freddie",518692,2023,33,0.567,0.236,0.37
"Wilson, Weston",642215,2023,28,0.5,0.187,0.4
"O'Keefe, Brian",657247,2023,29,0.211,0.106,0.167
"Salazar, C?sar",663967,2023,27,0.111,0,0.167
"O'Hearn, Ryan",656811,2023,29,0.48,0.191,0.34
"Serven, Brian",661531,2023,28,0.174,0.044,0.231
"Toro, Abraham",647351,2023,26,0.778,0.334,0.545
"Querecuto, Juniel",578570,2023,30,0.15,0.05,0.143
"Hummel, Cooper",669450,2023,28,0.13,0.043,0.143
"Allen, Greg",656185,2023,30,0.478,0.261,0.333
"McNeil, Jeff",643446,2023,31,0.378,0.108,0.288
"Lester, Josh",623507,2023,28,0.182,0,0.267
"D?az, Isan",656371,2023,27,0.042,0,0.067
"Burdick, Peyton",680814,2023,26,0.333,0.151,0.357
"Smith-Njigba, Canaan",675986,2023,24,0.219,0.094,0.235
"Guthrie, Dalton",656495,2023,27,0.208,0.041,0.235
"Heyward, Jason",518792,2023,33,0.473,0.204,0.291
"Burleson, Alec",676475,2023,24,0.39,0.146,0.261
"Stowers, Kyle",669065,2023,25,0.067,0,0.111
"Kennedy, Buddy",671083,2023,24,0.208,0.041,0.222
"Meadows, Austin",640457,2023,28,0.286,0.048,0.278
"Lukes, Nathan",664770,2023,28,0.308,0.116,0.278
"Tena, Jos?",677588,2023,22,0.29,0.064,0.389
"Madris, Bligh",676632,2023,27,0.192,0.038,0.211
"Donovan, Brendan",680977,2023,26,0.422,0.138,0.311
"Rizzo, Anthony",519203,2023,33,0.378,0.134,0.298
"Luciano, Marco",682617,2023,21,0.308,0.077,0.409
"Le?n, Sandy",506702,2023,34,0.195,0.049,0.286
"Fitzgerald, Tyler",666149,2023,25,0.469,0.25,0.25
"Hamilton, David",666152,2023,25,0.182,0.061,0.174
"Grandal, Yasmani",518735,2023,34,0.339,0.105,0.284
"Rosario, Eguy",666703,2023,23,0.5,0.25,0.318
"Adams, Jordyn",677941,2023,23,0.128,0,0.208
"Hopkins, TJ",686759,2023,26,0.171,0,0.292
"Paris, Kyren",677347,2023,21,0.1,0,0.174
"Trammell, Taylor",666211,2023,25,0.326,0.196,0.143
"Bouchard, Sean",656248,2023,27,0.684,0.368,0.381
"Suwinski, Jack",669261,2023,24,0.454,0.23,0.29
"Huff, Sam",669087,2023,25,0.512,0.256,0.348
"Mart?nez, J.P.",679881,2023,27,0.325,0.1,0.32
"Herrera, Iv?n",671056,2023,23,0.351,0.054,0.423
"Kessinger, Grae",666197,2023,25,0.325,0.125,0.259
"Cabbage, Trey",663550,2023,26,0.321,0.113,0.37
"Stevenson, Andrew",664057,2023,29,0.216,0.027,0.241
"Young, Jared",676724,2023,27,0.465,0.279,0.214
"Meckler, Wade",685133,2023,23,0.25,0.018,0.419
"Diaz, Yainer",673237,2023,24,0.538,0.256,0.292
"Eaton, Nate",681987,2023,26,0.075,0,0.125
"Arraez, Luis",650333,2023,26,0.469,0.115,0.362
"Ram?rez, Jos?",608070,2023,30,0.475,0.193,0.285
"Ruf, Darin",573131,2023,36,0.286,0.062,0.333
"Adell, Jo",666176,2023,24,0.448,0.241,0.3
"Alfaro, Jorge",595751,2023,30,0.292,0.146,0.188
"McCormick, Chas",676801,2023,28,0.489,0.216,0.331
"Duran, Ezequiel",677649,2023,24,0.443,0.167,0.358
"Altuve, Jose",514888,2023,33,0.522,0.211,0.348
"Ramos, Heliot",671218,2023,23,0.304,0.125,0.257
"Hill, Derek",656537,2023,27,0.191,0.021,0.222
"Olivares, Edward",658668,2023,27,0.452,0.189,0.289
"Vosler, Jason",613564,2023,29,0.371,0.21,0.206
"Reyes, Franmil",614177,2023,27,0.288,0.102,0.257
"Thomas, Alek",677950,2023,23,0.374,0.144,0.273
"Wade, Tyler",642180,2023,28,0.314,0.059,0.342
"P?rez, Carlos",656024,2023,26,0.347,0.143,0.243
"McCutchen, Andrew",457705,2023,36,0.397,0.141,0.312
"Thompson, Bubba",669352,2023,25,0.283,0.113,0.237
"Hilliard, Sam",656541,2023,29,0.431,0.195,0.389
"Cowser, Colton",681297,2023,23,0.148,0.033,0.175
"Nido, Tom?s",621512,2023,29,0.125,0,0.179
"Florial, Estevan",664314,2023,25,0.311,0.081,0.333
"Frazier, Clint",640449,2023,28,0.242,0.045,0.302
"Busch, Michael",683737,2023,25,0.292,0.125,0.227
"Call, Alex",669743,2023,28,0.307,0.107,0.23
"Mathias, Mark",664029,2023,28,0.258,0.032,0.298
"Capel, Conner",668843,2023,26,0.329,0.069,0.396
"Conforto, Michael",624424,2023,30,0.384,0.145,0.284
"Joe, Connor",656582,2023,30,0.421,0.174,0.311
"Hensley, David",682073,2023,27,0.167,0.048,0.188
"Casas, Triston",671213,2023,23,0.49,0.227,0.317
"Dixon, Brandon",641525,2023,31,0.329,0.126,0.292
"Luplow, Jordan",656669,2023,29,0.325,0.117,0.292
"Acu?a Jr., Ronald",660670,2023,25,0.596,0.259,0.338
"Langeliers, Shea",669127,2023,25,0.413,0.208,0.246
"Blackmon, Charlie",453568,2023,36,0.44,0.161,0.307
"Abreu, Wilyer",677800,2023,24,0.474,0.158,0.431
"Velazquez, Andrew",623205,2023,28,0.284,0.111,0.245
"Stefanic, Michael",683021,2023,27,0.355,0.065,0.333
"Marlowe, Cade",687799,2023,26,0.42,0.181,0.346
"Bruj?n, Vidal",660644,2023,25,0.197,0.026,0.236
"Martini, Nick",605361,2023,33,0.583,0.319,0.255
"Chavis, Michael",656308,2023,27,0.341,0.099,0.357
"Pache, Cristian",665506,2023,24,0.417,0.179,0.327
"Mervis, Matt",670223,2023,25,0.289,0.122,0.218
"Kwan, Steven",680757,2023,25,0.37,0.102,0.294
"Walsh, Jared",665120,2023,29,0.279,0.154,0.164
"Kieboom, Carter",666198,2023,25,0.368,0.161,0.25
"Basabe, Osleivis",678545,2023,22,0.31,0.092,0.295
"Davis, Jonathan",641505,2023,31,0.378,0.134,0.328
"Contreras, Willson",575929,2023,31,0.467,0.203,0.311
"Edwards, Xavier",669364,2023,23,0.333,0.038,0.359
"Alvarez, Yordan",670541,2023,26,0.583,0.29,0.306
"Williams, Alika",675961,2023,24,0.248,0.05,0.303
"Barnhart, Tucker",571466,2023,32,0.257,0.055,0.313
"Singleton, Jon",572138,2023,31,0.264,0.099,0.194
"Nevin, Tyler",663527,2023,26,0.316,0.116,0.246
"Choi, Ji Man",596847,2023,32,0.385,0.222,0.169
"Fry, David",681807,2023,27,0.416,0.178,0.299
"Alberto, Hanser",593643,2023,30,0.39,0.17,0.224
"Peralta, David",444482,2023,35,0.381,0.122,0.296
"Chang, Yu",644374,2023,27,0.352,0.19,0.169
"Jung, Josh",673962,2023,25,0.467,0.201,0.34
"Kemp, Tony",643393,2023,31,0.304,0.095,0.221
"Aguilar, Jes?s",542583,2023,33,0.385,0.164,0.261
"Haggerty, Sam",664059,2023,29,0.341,0.088,0.301
"Thompson, Trayce",572204,2023,32,0.294,0.131,0.271
"Muncy, Max",571970,2023,32,0.475,0.263,0.221
"Villar, David",681584,2023,26,0.315,0.17,0.173
"Gonzales, Nick",693304,2023,24,0.348,0.139,0.278
"Soderstrom, Tyler",691016,2023,21,0.24,0.08,0.212
"Palacios, Richie",680700,2023,26,0.516,0.258,0.234
"Stubbs, Garrett",596117,2023,30,0.283,0.079,0.265
"Wade Jr., LaMonte",664774,2023,29,0.417,0.161,0.29
"Harper, Bryce",547180,2023,30,0.499,0.206,0.352
"Marte, Noelvi",682622,2023,21,0.456,0.14,0.384
"Butler, Lawrence",671732,2023,22,0.341,0.13,0.259
"Flores, Wilmer",527038,2023,31,0.509,0.225,0.286
"Lowe, Josh",666139,2023,25,0.5,0.208,0.357
"Toglia, Michael",669911,2023,24,0.284,0.121,0.218
"Batten, Matthew",676946,2023,28,0.358,0.1,0.33
"Wynns, Austin",642851,2023,32,0.277,0.069,0.286
"India, Jonathan",663697,2023,26,0.407,0.163,0.281
"Drury, Brandon",592273,2023,30,0.497,0.235,0.308
"Perkins, Blake",663368,2023,26,0.35,0.133,0.29
"Ruiz, Esteury",665923,2023,24,0.345,0.091,0.315
"Realmuto, J.T.",592663,2023,32,0.452,0.2,0.307
"Schoop, Jonathan",570731,2023,31,0.272,0.059,0.287
"Ohtani, Shohei",660271,2023,28,0.654,0.35,0.342
"Wallach, Chad",595453,2023,31,0.376,0.179,0.258
"Valdez, Enmanuel",665839,2023,24,0.453,0.187,0.323
"Nola, Austin",543592,2023,33,0.192,0.046,0.184
"Murphy, Tom",608596,2023,32,0.538,0.248,0.358
"Ur?as, Luis",649966,2023,26,0.299,0.105,0.25
"Pollock, AJ",572041,2023,35,0.308,0.143,0.173
"Story, Trevor",596115,2023,30,0.316,0.113,0.29
"Rosario, Eddie",592696,2023,31,0.45,0.195,0.3
"Garcia, Maikel",672580,2023,23,0.358,0.086,0.344
"Narv?ez, Omar",553882,2023,31,0.297,0.086,0.245
"Heim, Jonah",641680,2023,28,0.438,0.18,0.289
"Zavala, Seby",664874,2023,29,0.314,0.143,0.23
"Vel?zquez, Nelson",676369,2023,24,0.586,0.351,0.221
"Vierling, Matt",663837,2023,26,0.388,0.127,0.321
"Calhoun, Willie",641432,2023,28,0.403,0.164,0.245
"D?az, Elias",553869,2023,32,0.409,0.142,0.324
"Dickerson, Corey",572816,2023,34,0.354,0.104,0.296
"Donaldson, Josh",518626,2023,37,0.418,0.266,0.115
"Miranda, Jose",669304,2023,25,0.303,0.092,0.235
"LeMahieu, DJ",518934,2023,34,0.39,0.147,0.295
"Renfroe, Hunter",592669,2023,31,0.416,0.183,0.27
"Estrada, Thairo",642731,2023,27,0.416,0.145,0.331
"Brennan, Will",686823,2023,25,0.356,0.09,0.296
"Calhoun, Kole",594777,2023,35,0.376,0.159,0.241
"Straw, Myles",664702,2023,28,0.297,0.059,0.295
"Franco, Wander",677551,2023,22,0.475,0.194,0.297
"Volpe, Anthony",683011,2023,22,0.383,0.174,0.259
"Peraza, Oswald",672724,2023,23,0.272,0.081,0.256
"Delay, Jason",641511,2023,28,0.347,0.096,0.333
"Carpenter, Matt",572761,2023,37,0.319,0.143,0.231
"Freeman, Tyler",671289,2023,24,0.366,0.124,0.275
"Slater, Austin",596103,2023,30,0.4,0.13,0.369
"Hays, Austin",669720,2023,27,0.444,0.169,0.345
"Smith, Will",669257,2023,28,0.438,0.177,0.277
"B?ez, Javier",595879,2023,30,0.325,0.103,0.274
"Wallner, Matt",670242,2023,25,0.507,0.258,0.328
"Paredes, Isaac",670623,2023,24,0.488,0.238,0.257
"Arcia, Orlando",606115,2023,28,0.42,0.156,0.301
"Peguero, Liover",678894,2023,22,0.374,0.137,0.32
"Trevino, Jose",624431,2023,30,0.312,0.102,0.221
"Rodgers, Brendan",663898,2023,26,0.388,0.13,0.316
"McGuire, Reese",624512,2023,28,0.358,0.091,0.366
"Hayes, Ke'Bryan",663647,2023,26,0.453,0.182,0.315
"Rodr?guez, Endy",682848,2023,23,0.328,0.108,0.281
"Adames, Willy",642715,2023,27,0.407,0.19,0.259
"Garc?a, Luis",671277,2023,23,0.385,0.119,0.286
"Seager, Corey",608369,2023,29,0.623,0.296,0.34
"Varsho, Daulton",662139,2023,26,0.389,0.169,0.256
"Longoria, Evan",446334,2023,37,0.422,0.199,0.277
"Dub?n, Mauricio",643289,2023,28,0.411,0.133,0.308
"Naylor, Bo",666310,2023,23,0.47,0.233,0.267
"Votto, Joey",458015,2023,39,0.433,0.231,0.212
"Smith, Pavin",656976,2023,27,0.325,0.137,0.209
"Henderson, Gunnar",683002,2023,22,0.489,0.234,0.306
"Vientos, Mark",668901,2023,23,0.367,0.156,0.264
"Hedges, Austin",595978,2023,30,0.227,0.043,0.236
"Castro, Rodolfo",666801,2023,24,0.322,0.111,0.284
"Westburg, Jordan",676059,2023,24,0.404,0.144,0.336
"Davis, Henry",680779,2023,23,0.351,0.138,0.273
"Rosario, Amed",642708,2023,27,0.378,0.115,0.314
"Short, Zack",670097,2023,28,0.339,0.135,0.255
"Hampson, Garrett",641658,2023,28,0.38,0.104,0.379
"Wisdom, Patrick",621550,2023,31,0.5,0.295,0.237
"Mancini III, Trey",641820,2023,31,0.336,0.102,0.327
"Bell, Josh",605137,2023,30,0.419,0.172,0.287
"Lewis, Royce",668904,2023,24,0.548,0.239,0.354
"Knizner, Andrew",668800,2023,28,0.424,0.183,0.288
"Alonso, Pete",624413,2023,28,0.504,0.287,0.205
"Bellinger, Cody",641355,2023,27,0.525,0.218,0.319
"Fermin, Freddy",666023,2023,28,0.461,0.18,0.323
"O'Neill, Tyler",641933,2023,28,0.403,0.172,0.284
"Carlson, Dylan",666185,2023,24,0.333,0.114,0.256
"Higashioka, Kyle",543309,2023,33,0.413,0.177,0.292
"Montero, Elehuris",660707,2023,24,0.426,0.183,0.352
"Happ, Ian",664023,2023,28,0.431,0.183,0.299
"D?az, Yandy",650490,2023,31,0.522,0.192,0.367
"Stallings, Jacob",607732,2023,33,0.286,0.095,0.249
"Goldschmidt, Paul",502671,2023,35,0.447,0.179,0.327
"Thaiss, Matt",642136,2023,28,0.34,0.126,0.272
"Tatis Jr., Fernando",665487,2023,24,0.449,0.192,0.299
"Vaughn, Andrew",683734,2023,25,0.429,0.171,0.299
"Benson, Will",666181,2023,25,0.498,0.223,0.391
"Reynolds, Bryan",668804,2023,28,0.46,0.197,0.304
"Santander, Anthony",623993,2023,28,0.472,0.215,0.299
"Gelof, Zack",680869,2023,23,0.504,0.237,0.331
"Soto, Juan",665742,2023,24,0.519,0.244,0.296
"Lopez, Nicky",670032,2023,28,0.307,0.076,0.276
"Vogelbach, Daniel",596129,2023,30,0.404,0.171,0.282
"Palacios, Joshua",641943,2023,27,0.413,0.174,0.269
"Carroll, Corbin",682998,2023,22,0.506,0.221,0.325
"Pe?a, Jeremy",665161,2023,25,0.381,0.118,0.323
"Abrams, CJ",682928,2023,22,0.412,0.167,0.279
"Gim?nez, Andr?s",665926,2023,24,0.399,0.148,0.289
"Merrifield, Whit",593160,2023,34,0.382,0.11,0.313
"Sabol, Blake",666165,2023,25,0.394,0.159,0.33
"Espinal, Santiago",669289,2023,28,0.335,0.087,0.285
"Matos, Luis",682641,2023,21,0.342,0.092,0.285
"Waters, Drew",671221,2023,24,0.377,0.149,0.321
"Newman, Kevin",621028,2023,29,0.364,0.111,0.28
"Moniak, Mickey",666160,2023,25,0.495,0.215,0.397
"Buxton, Byron",621439,2023,29,0.438,0.231,0.253
"Belt, Brandon",474832,2023,35,0.49,0.236,0.37
"d'Arnaud, Travis",518595,2023,34,0.397,0.172,0.258
"Bichette, Bo",666182,2023,25,0.475,0.169,0.355
"Devers, Rafael",646240,2023,26,0.5,0.229,0.292
"Biggio, Cavan",624415,2023,28,0.37,0.135,0.304
"Yoshida, Masataka",807799,2023,29,0.445,0.156,0.316
"Kirilloff, Alex",666135,2023,25,0.445,0.175,0.337
"Rivera, Emmanuel",656896,2023,27,0.358,0.097,0.313
"Lowe, Nathaniel",663993,2023,27,0.414,0.152,0.329
"Trout, Mike",545361,2023,31,0.49,0.227,0.335
"Crawford, Brandon",543063,2023,36,0.314,0.12,0.241
"Walker, Christian",572233,2023,32,0.497,0.239,0.272
"Marte, Ketel",606466,2023,29,0.485,0.209,0.3
"Arenado, Nolan",571448,2023,32,0.459,0.193,0.279
"Taylor, Chris",621035,2023,32,0.42,0.183,0.327
"Bohm, Alec",664761,2023,26,0.437,0.163,0.296
"France, Ty",664034,2023,28,0.366,0.116,0.294
"Neto, Zach",687263,2023,22,0.377,0.152,0.272
"Rogers, Jake",668670,2023,28,0.444,0.223,0.268
"Lindor, Francisco",596019,2023,29,0.47,0.216,0.277
"Polanco, Jorge",593871,2023,29,0.454,0.199,0.31
"Julks, Corey",667452,2023,27,0.352,0.107,0.306
"Monasterio, Andruw",655316,2023,26,0.348,0.089,0.326
"Rodr?guez, Julio",677594,2023,22,0.485,0.21,0.33
"Bethancourt, Christian",542194,2023,31,0.381,0.156,0.278
"Bryant, Kris",592178,2023,31,0.367,0.134,0.27
"Meneses, Joey",608841,2023,31,0.401,0.126,0.329
"Taylor, Michael A.",572191,2023,32,0.442,0.222,0.278
"Tellez, Rowdy",642133,2023,28,0.376,0.161,0.249
"Raley, Luke",670042,2023,28,0.49,0.241,0.33
"Miller, Owen",680911,2023,26,0.371,0.11,0.31
"Tucker, Kyle",663656,2023,26,0.517,0.233,0.289
"Bogaerts, Xander",593428,2023,30,0.44,0.155,0.319
"Chisholm Jr., Jazz",665862,2023,25,0.457,0.207,0.318
"Stott, Bryson",681082,2023,25,0.419,0.139,0.312
"Judge, Aaron",592450,2023,31,0.613,0.346,0.3
"Wong, Connor",657136,2023,27,0.385,0.15,0.341
"Albies, Ozzie",645277,2023,26,0.513,0.233,0.289
"Brown, Seth",664913,2023,30,0.405,0.183,0.27
"Baty, Brett",683146,2023,23,0.323,0.111,0.28
"V?zquez, Christian",543877,2023,32,0.318,0.095,0.279
"Stanton, Giancarlo",519317,2023,33,0.42,0.229,0.21
"Laureano, Ram?n",657656,2023,28,0.371,0.147,0.301
"Marte, Starling",516782,2023,34,0.324,0.076,0.303
"Torres, Gleyber",650402,2023,26,0.453,0.18,0.288
"Sheets, Gavin",657757,2023,27,0.331,0.128,0.222
"Madrigal, Nick",663611,2023,26,0.352,0.089,0.283
"Farmer, Kyle",571657,2023,32,0.408,0.152,0.311
"DeJong, Paul",657557,2023,29,0.355,0.148,0.264
"S?nchez, Jes?s",660821,2023,25,0.45,0.197,0.321
"Morel, Christopher",666624,2023,24,0.508,0.261,0.303
"Margot, Manuel",622534,2023,28,0.376,0.112,0.306
"Kiner-Falefa, Isiah",643396,2023,28,0.34,0.098,0.289
"Ur?as, Ram?n",602104,2023,29,0.375,0.111,0.355
"Jones, Jahmai",663330,2023,25,0.3,0.1,0.4
"Almonte, Abraham",501659,2023,34,0.133,0.066,0.143
"White, Eli",642201,2023,29,0.071,0,0.143
"Grossman, Robbie",543257,2023,33,0.394,0.156,0.292
"Castro, Willi",650489,2023,26,0.411,0.154,0.328
"Wall, Forrest",657088,2023,27,0.846,0.384,0.625
"Crow-Armstrong, Pete",691718,2023,21,0,0,0
"Bemboom, Anthony",621532,2023,33,0.182,0,0.222
"Canario, Alexander",672744,2023,23,0.647,0.353,0.5
"Bader, Harrison",664056,2023,29,0.348,0.116,0.261
"Marsh, Brandon",669016,2023,25,0.458,0.181,0.397
"Fraley, Jake",641584,2023,28,0.443,0.187,0.283
"Greene, Riley",682985,2023,22,0.447,0.159,0.384
"Kreidler, Ryan",668952,2023,25,0.111,0,0.182
"Williams, Luke",663897,2023,26,0.053,0,0.083
"Rios, Edwin",621458,2023,29,0.214,0.143,0.091
"Owings, Chris",572008,2023,31,0.16,0,0.308
"Gamel, Ben",592325,2023,31,0.267,0.067,0.231
"Capra, Vinny",681962,2023,26,0.222,0.055,0.231
"Camargo, Johan",622666,2023,29,0.222,0,0.286
"La Stella, Tommy",600303,2023,34,0.238,0.048,0.25
"Hern?ndez, Yonny",660634,2023,25,0.182,0.046,0.2
"Ellis, Drew",656403,2023,27,0.478,0.261,0.214
"Pederson, Joc",592626,2023,31,0.416,0.181,0.268
"Garlick, Kyle",664247,2023,31,0.429,0.25,0.2
"Moreno, Gabriel",672515,2023,23,0.408,0.124,0.338
"Alvarez, Francisco",682626,2023,21,0.437,0.228,0.222
"Murphy, Sean",669221,2023,28,0.478,0.227,0.286
"Witt Jr., Bobby",677951,2023,23,0.495,0.219,0.295
"Torrens, Luis",620443,2023,27,0.357,0.107,0.368
"Lawlar, Jordan",691783,2023,20,0.129,0,0.2
"Kjerstad, Heston",677008,2023,24,0.467,0.234,0.278
"Dalbec, Bobby",666915,2023,28,0.306,0.102,0.45
"Porter, Logan",682515,2023,27,0.323,0.129,0.263
"Peterson, Jace",607054,2023,33,0.307,0.096,0.27
"Dom?nguez, Jasson",691176,2023,20,0.677,0.419,0.211
"Millas, Drew",686452,2023,25,0.464,0.178,0.318
"Ortiz, Joey",687401,2023,24,0.242,0.03,0.28
"Thomas, Cody",642137,2023,28,0.381,0.143,0.375
"Cruz, Oneil",665833,2023,24,0.375,0.125,0.292
"Rutherford, Blake",666164,2023,26,0.171,0,0.24
"Blankenhorn, Travis",663905,2023,26,0.258,0.097,0.167
"Bregman, Alex",608324,2023,29,0.441,0.179,0.27
"Caminero, Junior",691406,2023,19,0.353,0.118,0.28
"Montes, Coco",663796,2023,26,0.316,0.132,0.24
"Ward, Taylor",621493,2023,29,0.421,0.168,0.284
"Lipcius, Andre",686531,2023,25,0.4,0.114,0.346
"Horwitz, Spencer",687462,2023,25,0.385,0.129,0.346
"Mercado, ?scar",640458,2023,28,0.387,0.097,0.333
"Phillips, Brett",621433,2023,29,0.333,0.158,0.333
"Haseley, Adam",656514,2023,27,0.278,0.056,0.286
"Johnson, Bryce",669369,2023,27,0.256,0.093,0.214
"Heineman, Tyler",623168,2023,32,0.316,0.079,0.3
"Lewis, Kyle",641786,2023,27,0.255,0.098,0.241
"Hoerner, Nico",663538,2023,26,0.383,0.1,0.312
"Kiermaier, Kevin",595281,2023,33,0.419,0.154,0.321
"Ib??ez, Andy",628451,2023,30,0.433,0.169,0.3
"DeLuca, Jonny",676356,2023,24,0.429,0.167,0.281
"Hall, Darick",669742,2023,27,0.241,0.074,0.229
"Lamb, Jake",571875,2023,32,0.353,0.137,0.265
"Locastro, Tim",641796,2023,30,0.393,0.161,0.344
"Martinez, J.D.",502110,2023,35,0.572,0.301,0.324
"Cooper, Garrett",643265,2023,32,0.419,0.168,0.324
"Carter, Evan",694497,2023,20,0.645,0.339,0.412
"Vavra, Terrin",679631,2023,26,0.245,0,0.324
"Solano, Donovan",456781,2023,35,0.391,0.109,0.366
"Rooker Jr., Brent",667670,2023,28,0.488,0.242,0.317
"Yepez, Juan",660766,2023,25,0.3,0.117,0.237
"Taylor, Samad",669392,2023,24,0.267,0.067,0.308
"Mitchell, Garrett",669003,2023,24,0.446,0.2,0.351
"Voit III, Luke",572228,2023,32,0.265,0.044,0.366
"Ara?z, Jonathan",660620,2023,24,0.288,0.152,0.132
"Cordero, Franchy",614173,2023,28,0.478,0.29,0.184
"Lee, Korey",686676,2023,24,0.138,0.061,0.091
"Ferm?n, Jos?",665877,2023,24,0.255,0.02,0.279
"Motter, Taylor",600301,2023,33,0.211,0.04,0.289
"Miller, Brad",543543,2023,33,0.339,0.125,0.244
"Beaty, Matt",607461,2023,30,0.295,0.065,0.298
"Clement, Ernie",676391,2023,27,0.5,0.12,0.391
"Goodman, Hunter",696100,2023,23,0.386,0.186,0.277
"Carpenter, Kerry",681481,2023,25,0.471,0.193,0.338
"Myers, Dane",667472,2023,27,0.358,0.089,0.354
"Rortvedt, Ben",666163,2023,25,0.221,0.103,0.128
"Mendick, Danny",664901,2023,29,0.277,0.092,0.224
"Andrus, Elvis",462101,2023,34,0.358,0.107,0.294
"Outman, James",681546,2023,26,0.437,0.189,0.343
"Loftin, Nick",679845,2023,24,0.435,0.112,0.392
"Gomes, Yan",543228,2023,35,0.408,0.141,0.309
"Brosseau, Mike",670712,2023,29,0.397,0.192,0.224
"Pereira, Everson",677592,2023,22,0.194,0.043,0.264
"Ramos, Henry",592656,2023,31,0.311,0.068,0.34
"Brantley Jr., Michael",488726,2023,36,0.426,0.148,0.255
"Semien, Marcus",543760,2023,32,0.478,0.202,0.291
"Dozier, Hunter",641531,2023,31,0.305,0.122,0.25
"Mullins II, Cedric",656775,2023,28,0.416,0.183,0.271
"Rocchio, Brayan",677587,2023,22,0.321,0.074,0.364
"Baker, Luken",663609,2023,26,0.314,0.105,0.302
"Rafaela, Ceddanne",678882,2023,22,0.386,0.145,0.333
"Marisnick, Jake",545350,2023,32,0.408,0.171,0.296
"Aranda, Jonathan",666018,2023,25,0.368,0.138,0.327
"Wells, Austin",669224,2023,23,0.486,0.257,0.226
"Gonzalez, Romy",663853,2023,26,0.376,0.182,0.273
"Turang, Brice",668930,2023,23,0.3,0.082,0.268
"Casali, Curt",592200,2023,34,0.2,0.025,0.246
"Rengifo, Luis",650859,2023,26,0.444,0.18,0.293
"Berti, Jon",542932,2023,33,0.405,0.111,0.349
"Grissom, Vaughn",687093,2023,22,0.347,0.067,0.344
"Mead, Curtis",678554,2023,22,0.349,0.096,0.328
"Walker, Jordan",691023,2023,21,0.445,0.169,0.331
"Daza, Yonathan",602074,2023,29,0.351,0.081,0.323
"Zunino, Mike",572287,2023,32,0.306,0.129,0.317
"Sullivan, Brett",664954,2023,29,0.284,0.074,0.258
"Grisham, Trent",663757,2023,26,0.352,0.154,0.264
"Bart, Joey",663698,2023,26,0.264,0.057,0.277
"Mountcastle, Ryan",663624,2023,26,0.452,0.182,0.315
"Hosmer, Eric",543333,2023,33,0.33,0.096,0.299
"Pinto, Ren?",650907,2023,26,0.456,0.204,0.317
"Garc?a, Avisa?l",541645,2023,32,0.315,0.13,0.258
"Bride, Jonah",681146,2023,27,0.205,0.035,0.221
"Mauricio, Ronny",677595,2023,22,0.347,0.099,0.338
"Pham, Tommy",502054,2023,35,0.446,0.19,0.3
"Andujar, Miguel",609280,2023,28,0.476,0.226,0.254
"Ram?rez, Harold",623912,2023,28,0.46,0.147,0.359
"Azocar, Jos?",640492,2023,27,0.363,0.132,0.292
"Fletcher, Dominic",666150,2023,25,0.441,0.14,0.377
"Schneider, Davis",676914,2023,24,0.603,0.327,0.369
"Kirk, Alejandro",672386,2023,24,0.358,0.108,0.265
"Rivas III, Alfonso",663845,2023,26,0.422,0.193,0.31
"Nootbaar, Lars",663457,2023,25,0.418,0.157,0.307
"Stephenson, Tyler",663886,2023,26,0.378,0.135,0.314
"Bradley Jr., Jackie",598265,2023,33,0.21,0.077,0.173
"Herrera, Jose",645444,2023,26,0.257,0.049,0.292
"Massey, Michael",686681,2023,25,0.381,0.152,0.261
"Davis, J.D.",605204,2023,30,0.412,0.164,0.32
"Fletcher, David",664058,2023,29,0.326,0.079,0.256
"Kepler, Max",596146,2023,30,0.484,0.224,0.288
"Myers, Wil",571976,2023,32,0.283,0.094,0.273
"Gordon, Nick",624503,2023,27,0.319,0.143,0.179
"Guillorme, Luis",641645,2023,28,0.327,0.103,0.291
"Ortega, Rafael",542364,2023,32,0.272,0.053,0.3
"Wisely, Brett",689172,2023,24,0.267,0.092,0.241
"Perdomo, Geraldo",672695,2023,23,0.359,0.113,0.295
"Grichuk, Randal",545341,2023,31,0.459,0.192,0.309
"Harrison, Josh",543281,2023,35,0.291,0.087,0.229
"McKenna, Ryan",663630,2023,26,0.361,0.107,0.354
"Young, Jacob",696285,2023,23,0.336,0.084,0.318
"Rojas, Miguel",500743,2023,34,0.322,0.086,0.255
"Meadows, Parker",678009,2023,23,0.368,0.136,0.302
"Moore, Dylan",664238,2023,30,0.428,0.221,0.28
"Smith, Kevin",675656,2023,26,0.326,0.141,0.253
"McKinney, Billy",641856,2023,28,0.406,0.179,0.274
"Barrero, Jose",676480,2023,25,0.323,0.105,0.307
"Schanuel, Nolan",694384,2023,21,0.33,0.055,0.326
"Chapman, Matt",656305,2023,30,0.424,0.184,0.319
"Burger, Jake",669394,2023,27,0.518,0.268,0.284
"Blanco, Dairon",680118,2023,30,0.452,0.194,0.33
"Amaya, Miguel",665804,2023,24,0.359,0.145,0.264
"Robles, Victor",645302,2023,26,0.364,0.065,0.36
"Frazier, Adam",624428,2023,31,0.396,0.156,0.258
"Kelly, Carson",608348,2023,28,0.287,0.081,0.274
"Gallagher, Cam",595956,2023,30,0.168,0.042,0.184
"Cruz Jr., Nelson",443558,2023,42,0.399,0.154,0.323
"Clemens, Kody",665019,2023,27,0.367,0.137,0.295
"Adams, Riley",656180,2023,27,0.476,0.203,0.368
"Raleigh, Cal",663728,2023,26,0.456,0.224,0.273
"McKinstry, Zach",656716,2023,28,0.351,0.12,0.284
"Winn, Masyn",691026,2023,21,0.238,0.066,0.196
"Odor, Rougned",596059,2023,29,0.355,0.152,0.247
"Remillard, Zach",621545,2023,29,0.32,0.068,0.367
"Mastrobuoni, Miles",670156,2023,27,0.301,0.06,0.31
"McMahon, Ryan",641857,2023,28,0.431,0.191,0.326
"Stewart, DJ",621466,2023,29,0.506,0.262,0.298
"Canha, Mark",592192,2023,34,0.4,0.138,0.293
"Jim?nez, Eloy",650391,2023,26,0.441,0.169,0.305
"Tapia, Raimel",606132,2023,29,0.338,0.102,0.302
"Cronenworth, Jake",630105,2023,29,0.378,0.149,0.267
"Soler, Jorge",624585,2023,31,0.512,0.262,0.272
"Melendez Jr., MJ",669004,2023,24,0.398,0.163,0.311
"Larnach, Trevor",663616,2023,26,0.415,0.202,0.295
"Rojas, Johan",679032,2023,22,0.43,0.128,0.41
"Mej?a, Francisco",642336,2023,27,0.4,0.173,0.266
"Winker, Jesse",608385,2023,29,0.247,0.048,0.278
"Anderson, Tim",641313,2023,30,0.296,0.051,0.323
"Schwarber, Kyle",656941,2023,30,0.474,0.277,0.209
"Hern?ndez, Enrique",571771,2023,31,0.357,0.12,0.273
"Profar, Jurickson",595777,2023,30,0.368,0.126,0.279
"Triolo, Jared",669707,2023,25,0.398,0.1,0.44
"Alu, Jake",666906,2023,26,0.289,0.063,0.291
"Robert Jr., Luis",673357,2023,25,0.542,0.278,0.314
"Rendon, Anthony",543685,2023,33,0.318,0.082,0.268
"Candelario, Jeimer",600869,2023,29,0.471,0.22,0.292
"Gonzalez, Oscar",660757,2023,25,0.312,0.098,0.278
"Sosa, Lenyn",672820,2023,23,0.348,0.147,0.227
"Correa, Carlos",621043,2023,28,0.399,0.169,0.272
"Garc?a, Adolis",666969,2023,30,0.508,0.263,0.28
"Maile, Luke",571912,2023,32,0.391,0.156,0.29
"Cave, Jake",595909,2023,30,0.348,0.136,0.27
"P?rez, Carlos",542208,2023,32,0.357,0.131,0.256
"O'Hoppe, Logan",681351,2023,23,0.5,0.264,0.24
"Naylor, Josh",647304,2023,26,0.489,0.181,0.326
"Suzuki, Seiya",673548,2023,28,0.485,0.2,0.341
"Barnes, Austin",605131,2023,33,0.242,0.062,0.222
"Ford, Mike",645801,2023,30,0.475,0.247,0.276
"Su?rez, Eugenio",553993,2023,31,0.391,0.159,0.314
"Gallo, Joey",608336,2023,29,0.44,0.263,0.244
"Canzone, Dominic",686527,2023,25,0.399,0.179,0.237
"Ozuna, Marcell",542303,2023,32,0.558,0.284,0.293
"Smith, Josh",669701,2023,25,0.328,0.143,0.222
"Campusano, Luis",669134,2023,24,0.491,0.172,0.331
"Arozarena, Randy",668227,2023,28,0.425,0.171,0.31
"Taveras, Leody",665750,2023,24,0.421,0.155,0.318
"Ahmed, Nick",605113,2023,33,0.303,0.091,0.278
"Edman, Tommy",669242,2023,28,0.399,0.151,0.275
"Haniger, Mitch",571745,2023,32,0.365,0.156,0.27
"Pillar, Kevin",607680,2023,34,0.416,0.188,0.255
"Bauers, Jake",641343,2023,27,0.413,0.211,0.268
"Reyes, Pablo",622569,2023,29,0.377,0.09,0.315
"Harris II, Michael",671739,2023,22,0.477,0.184,0.334
"Encarnacion-Strand, Christian",687952,2023,23,0.477,0.207,0.336
"Arroyo, Christian",624414,2023,28,0.369,0.128,0.295
"Friedl Jr., TJ",670770,2023,27,0.467,0.188,0.308
"Duffy, Matt",622110,2023,32,0.325,0.074,0.303
"McCann, James",543510,2023,33,0.377,0.155,0.274
"Fairchild, Stuart",656413,2023,27,0.388,0.16,0.306
"Yelich, Christian",592885,2023,31,0.447,0.169,0.342
"Perez, Salvador",521692,2023,33,0.422,0.167,0.294
"Garrett, Stone",656448,2023,27,0.457,0.188,0.365
"Refsnyder, Rob",608701,2023,32,0.317,0.069,0.316
"Frelick, Sal",686217,2023,23,0.351,0.105,0.286
"Swanson, Dansby",621020,2023,29,0.416,0.172,0.297
"Crawford, J.P.",641487,2023,28,0.438,0.172,0.314
"Caratini, Victor",605170,2023,29,0.383,0.124,0.296
"Trejo, Alan",676701,2023,27,0.343,0.111,0.286
"Abreu, Jos?",547989,2023,36,0.383,0.146,0.276
"Contreras, William",661388,2023,25,0.457,0.168,0.348
"Tovar, Ezequiel",678662,2023,21,0.408,0.155,0.328
"Hern?ndez, Teoscar",606192,2023,30,0.435,0.177,0.342
"Kim, Ha-Seong",673490,2023,27,0.398,0.138,0.306
"Caballero, Jos?",676609,2023,26,0.32,0.099,0.285
"Marcano, Tucupita",672779,2023,23,0.356,0.123,0.265
"Pratto, Nick",668472,2023,24,0.353,0.121,0.388
"Wong, Kolten",543939,2023,32,0.263,0.08,0.218
"S?nchez, Gary",596142,2023,30,0.492,0.275,0.212
"Taylor, Tyrone",621438,2023,29,0.446,0.212,0.263
"Col?s, Oscar",693049,2023,24,0.314,0.098,0.281
"Maton, Nick",665155,2023,26,0.305,0.132,0.206
"Urshela, Gio",570482,2023,31,0.374,0.075,0.346
"Smith, Dominic",642086,2023,28,0.366,0.112,0.286
"Torkelson, Spencer",679529,2023,23,0.446,0.213,0.269
"Machado, Manny",592518,2023,30,0.462,0.204,0.268
"De La Cruz, Bryan",650559,2023,26,0.411,0.154,0.307
"Bleday, JJ",668709,2023,25,0.355,0.16,0.226
"Olson, Matt",621566,2023,29,0.604,0.321,0.302
"Steer, Spencer",668715,2023,25,0.464,0.193,0.318
"Castellanos, Nick",592206,2023,31,0.476,0.204,0.337
"Schmitt, Casey",669477,2023,24,0.324,0.118,0.253
"Santana, Carlos",467793,2023,37,0.429,0.189,0.255
"Gurriel Jr., Lourdes",666971,2023,29,0.463,0.202,0.282
"Cron, C.J.",543068,2023,33,0.434,0.186,0.284
"Castro, Harold",605612,2023,29,0.314,0.062,0.332
"Haase, Eric",606992,2023,30,0.281,0.08,0.268
"Nimmo, Brandon",607043,2023,30,0.466,0.192,0.324
"Turner, Justin",457759,2023,38,0.455,0.179,0.304
"Jeffers, Ryan",680777,2023,26,0.49,0.214,0.359
"Vargas, Miguel",678246,2023,23,0.367,0.172,0.224
"Hicks, Aaron",543305,2023,33,0.383,0.13,0.311
"Pasquantino, Vinnie",686469,2023,25,0.437,0.19,0.25
"Verdugo, Alex",657077,2023,27,0.421,0.157,0.294
"Arias, Gabriel",672356,2023,23,0.352,0.142,0.29
"Thomas, Lane",657041,2023,27,0.468,0.2,0.325
"Diaz, Jordan",672478,2023,22,0.364,0.143,0.258
"Jansen, Danny",643376,2023,28,0.474,0.246,0.233
"Jankowski, Travis",608671,2023,32,0.332,0.069,0.311
"Sosa, Edmundo",624641,2023,27,0.427,0.176,0.306
"Ruiz, Keibert",660688,2023,24,0.409,0.149,0.263
"Walls, Taylor",670764,2023,26,0.333,0.132,0.261
"Siri, Jose",642350,2023,27,0.494,0.272,0.269
"Escobar, Eduardo",500871,2023,34,0.344,0.118,0.286
"Anderson, Brian",605119,2023,30,0.368,0.142,0.309
"Garver, Mitch",641598,2023,32,0.5,0.23,0.313
"Julien, Edouard",666397,2023,24,0.459,0.196,0.371
"Duvall, Adam",594807,2023,34,0.531,0.284,0.299
"McCarthy, Jake",664983,2023,25,0.326,0.083,0.305
"Riley, Austin",663586,2023,26,0.516,0.235,0.324
"Benintendi, Andrew",643217,2023,28,0.356,0.094,0.301
"Meyers, Jake",676694,2023,27,0.382,0.155,0.283
"Baddoo, Akil",668731,2023,24,0.372,0.154,0.268
"Betts, Mookie",605141,2023,30,0.579,0.272,0.316
"Moncada, Yo?n",660162,2023,28,0.425,0.165,0.35
"Senzel, Nick",669222,2023,28,0.399,0.163,0.269
"Bailey, Patrick",672275,2023,24,0.359,0.126,0.314
"Cabrera, Oswaldo",665828,2023,24,0.299,0.088,0.26
"Yastrzemski, Mike",573262,2023,32,0.445,0.212,0.286
"Isbel, Kyle",664728,2023,26,0.38,0.14,0.283
"Turner, Trea",607208,2023,30,0.459,0.193,0.31
"Maldonado, Mart?n",455117,2023,36,0.348,0.157,0.26
"Springer III, George",543807,2023,33,0.405,0.147,0.291
"Wendle, Joey",621563,2023,33,0.306,0.094,0.264
"Rutschman, Adley",668939,2023,25,0.435,0.158,0.303
"Noda, Ryan",676116,2023,27,0.406,0.177,0.347
"Rojas, Josh",668942,2023,29,0.338,0.093,0.313
"Fortes, Nick",663743,2023,26,0.299,0.095,0.234
"Jones, Nolan",666134,2023,25,0.542,0.245,0.401
"Kelenic, Jarred",672284,2023,23,0.419,0.166,0.359
"Duran, Jarren",680776,2023,26,0.482,0.187,0.381
"Mateo, Jorge",622761,2023,28,0.34,0.123,0.267
"Vargas, Ildemaro",545121,2023,31,0.363,0.111,0.259
"De La Cruz, Elly",682829,2023,21,0.41,0.175,0.336
"Bae, Ji Hwan",678225,2023,23,0.311,0.08,0.31
"McLain, Matt",680574,2023,23,0.507,0.217,0.385
"Guerrero Jr., Vladimir",665489,2023,24,0.444,0.18,0.277
"Wiemer Jr., Joey",686894,2023,24,0.362,0.158,0.258
"Doyle, Brenton",686668,2023,25,0.343,0.14,0.295
"D?az, Aledmys",649557,2023,32,0.337,0.108,0.273
"Tauchman, Mike",643565,2023,32,0.377,0.125,0.313
"Segura, Jean",516416,2023,33,0.279,0.06,0.251
